bench_type,mase_mean,mase_std,rmsse_mean,rmsse_std,tune_time_per_100pts,prediction_time_per_100pts
drift,0.9308626518845816,2.981284331450276,0.4240101147332834,0.4202711915336214,0.0033301244590478,0.0011764535858743
periodic_spaces,10.210475034756344,11.537603836188753,1.5462581233555244,1.6967038599895814,0.0021387708629728,0.0011764265419614
random,0.7768285496804865,2.5836324376295523,0.2664901015633214,0.2604696091539123,0.0026978200648034,0.0011341513029741
seasonal,0.6489949538177535,0.21016091751644,0.5173966314032002,0.1910983781166573,0.0030384106400341,0.0008525267365096
workers,3.401777775033771,7.327179466783719,0.5772674809759278,1.0511795449599657,0.0020251125412164,0.0011676492187987
all,1.904820857250489,5.398992226798595,0.5281838776074044,0.750245907654323,0.0026460477136149,0.00110144147722362
