bench_type,mase_mean,mase_std,rmsse_mean,rmsse_std,tune_time_per_100pts,prediction_time_per_100pts
drift,0.6423756197675784,0.6418777442362815,0.3814670951144594,0.28716680131106437,0.013458041198569679,0.00202816993456393
periodic_spaces,0.7404276155643665,1.6813972148311767,0.26803343218611575,0.42903106377813904,0.01029132628507682,0.002032739589395489
random,0.5736243508564737,0.3369785679440076,0.19898665727315182,0.17489591992417033,0.012271028472518772,0.0020723028457657563
seasonal,0.7050134086986987,0.5886783216713822,0.4823737730521577,0.27998573113974784,0.012652776345151714,0.0020632962917997723
workers,0.489497522315375,0.5444766037512574,0.23695710404031559,0.21051004537521678,0.010971760373891155,0.0020162505963872675
all,0.6385575653457116,0.7378976802029081,0.34201136093675144,0.2954887605601646,0.012406704471566488,0.0020480600794870315
