bench_type,mase_mean,mase_std,rmsse_mean,rmsse_std,tune_time_per_100pts,prediction_time_per_100pts
drift,0.7117667035607067,0.828960284665503,0.49649486543756977,0.4154526092469042,1.7763525266059352e-08,0.02271754923368997
periodic_spaces,0.948315780402997,2.7349024338813304,0.4854475222132244,0.774928875385367,2.6002859022256207e-08,0.003157314704453928
random,0.5704274350241126,0.3406855912020661,0.30560744073013707,0.3419903409121951,3.691213160288296e-08,0.0038362007292006193
seasonal,0.6270919252883282,0.5551570480610735,0.5516814546490408,0.37367242071980805,2.6078302967328018e-08,0.0032603388489593588
workers,0.45161063041915867,0.23943820282809236,0.401244687789946,0.2813290903894477,1.8919677729051174e-08,0.0028031648086783074
all,0.6515189575693939,1.0069888024661466,0.45640227385009013,0.43245927922945115,2.5614695160716214e-08,0.008893666311660244
