bench_type,mase_mean,mase_std,rmsse_mean,rmsse_std,tune_time_per_100pts,prediction_time_per_100pts
drift,0.8294433602863908,2.499900513554986,0.3971650033558905,0.3558748919778692,5.667476408322395e-09,0.0034534405393108
periodic_spaces,0.3420425552961423,0.3165657185172452,0.1866111081181762,0.1762562171190954,5.437366142559306e-09,0.0021487145719324
random,0.4577209660431439,0.1696335120279541,0.2388426813746231,0.1886116383453868,5.170204308989761e-09,0.0022151453973345
seasonal,0.6347204785036806,0.17697532951575795,0.5065084138660642,0.17575005094098506,4.991166390533924e-09,0.0032058357573102
workers,0.3868925189795985,0.2558746366543228,0.2050178096581381,0.1203235812249181,5.167427618543949e-09,0.0023337085326907
all,0.5933769941380141,1.3368161193480546,0.3496147741669273,0.2677927675518498,5.2867281737898664e-09,0.0026713689597157196
