bench_type,mase_mean,mase_std,rmsse_mean,rmsse_std,tune_time_per_100pts,prediction_time_per_100pts
drift,1.0304379659229292,3.6619511923158616,0.4416559802732268,0.494654769075299,0.006535044092189,0.0024046624179797
periodic_spaces,0.3345793008056145,0.303992912056832,0.1865032785364783,0.1729534719239241,0.0042882783593921,0.0023975017297985
random,0.5059882489095451,0.2146223355665863,0.2459403068765656,0.1882476724572029,0.0054893259975638,0.0023964001938577
seasonal,0.6642511463178467,0.24399746280768767,0.5308851153296327,0.22534334971390482,0.0066023007987127,0.0024585098725172
workers,0.3789056905212716,0.2463386357284782,0.2048672737442251,0.1179877294215595,0.0053860518541477,0.0023994689605778
all,0.6685947857843456,1.9594041004225982,0.3706123685937363,0.33720032488387947,0.00566020022040106,0.0024113086349461803
