bench_type,mase_mean,mase_std,rmsse_mean,rmsse_std,tune_time_per_100pts,prediction_time_per_100pts
drift,0.712083030271698,0.8351466218996114,0.49822860110665784,0.4207051217869926,2.1634042270425208e-08,0.026425508231604614
periodic_spaces,0.9488115428734817,2.7389756236174505,0.4855513107324076,0.7746717920373272,1.8860755199209484e-08,0.01614932457561649
random,0.5687891871874435,0.33867209268878795,0.3047336503743035,0.34154306411096513,1.991482479187333e-08,0.016110397807378055
seasonal,0.6119418666087346,0.5559772000254801,0.5458657714156675,0.38013121061013416,2.0177847042729697e-08,0.01606117743843545
workers,0.4519012174254817,0.24073793333000776,0.3998992939664594,0.2802122020901239,1.898275949629346e-08,0.016060100397139433
all,0.6469711219251539,1.0096121478522118,0.4549108860464912,0.43506280994047475,2.0291306189209926e-08,0.019036852134740385
