bench_type,mase_mean,mase_std,rmsse_mean,rmsse_std,tune_time_per_100pts,prediction_time_per_100pts
drift,1.0414065179690952,2.3364585445578743,0.5271240875324922,0.3550236433925843,2.2717406320159475e-09,2.2905850456565355e-05
periodic_spaces,0.6146187705720284,0.5656799542381079,0.3197707813081551,0.2980919447971374,2.382032696174565e-09,2.27456446737051e-05
random,0.7315601947178573,0.2643175788290883,0.3598769446651716,0.2618028721814464,2.113396844842538e-09,2.302244539341408e-05
seasonal,0.7449151791208221,0.23092825761088287,0.6468853414110141,0.23224799285826153,2.6961496756533713e-09,2.3125211890814613e-05
workers,0.7139039225503258,0.4406294604881923,0.3539128169810188,0.1992602671728719,2.273966286316855e-09,2.2792079423556556e-05
all,0.809163003886003,1.2680765241428629,0.482246491858324,0.30757720848712794,2.347457227000655e-09,2.291824636761114e-05
