bench_type,mase_mean,mase_std,rmsse_mean,rmsse_std,tune_time_per_100pts,prediction_time_per_100pts
drift,1.127503572169899,3.2091582793033373,0.42774707128769746,0.4448341275581256,7.795938588693474e-09,0.18083096744663663
periodic_spaces,0.48128422486917743,0.43619434872337226,0.19656013835250052,0.1844965637578245,6.957157010645759e-09,0.1965435989256532
random,0.6985385696767488,0.338689754781873,0.2509582023129543,0.18565171098061103,4.064217354579019e-09,0.2189800180549043
seasonal,0.714622318323814,0.24841617351011866,0.5474420484160271,0.21988930190761682,3.3345573664396866e-09,0.13608385286855493
workers,0.710284843761785,0.4634295207662349,0.2255191789867509,0.1356327264956828,2.518655851643274e-09,0.17726510259375972
all,0.8035235308940454,1.7236611133015582,0.3754917578842174,0.31550841912939037,5.026444296127009e-09,0.17926933199781814
