bench_type,mase_mean,mase_std,rmsse_mean,rmsse_std,tune_time_per_100pts,prediction_time_per_100pts
drift,0.7891218046025659,2.259357903408246,0.3881182554646406,0.3157062150848521,3.974428764976085e-09,0.0036467280685655
periodic_spaces,0.3423388218135679,0.3162882443021284,0.1867502820287155,0.1763717262775286,4.175033763987498e-09,0.0025099566044567
random,0.4547443167577096,0.1675727450821132,0.2385917659081252,0.1885532897903686,3.894735404569379e-09,0.0025664111619086
seasonal,0.5967927924206817,0.16883021847482305,0.49172389735949357,0.1658693630036756,6.563881849373389e-09,0.0042558078329803
workers,0.3874798515859491,0.2548828075304347,0.2051021572716264,0.1203791877476118,3.830446144717896e-09,0.0024905763880786
all,0.5708788827807192,1.2100733515559416,0.3429267817545697,0.24867531770084608,4.487705185524849e-09,0.0030938960111979398
