bench_type,mase_mean,mase_std,rmsse_mean,rmsse_std,tune_time_per_100pts,prediction_time_per_100pts
drift,1.0414065179690952,2.3364585445578743,0.5271240875324922,0.3550236433925843,1.632152104631908e-09,2.6298167388709045e-05
periodic_spaces,0.6146187705720284,0.5656799542381079,0.31977078130815517,0.29809194479713746,1.313115574516103e-09,2.4820139926855933e-05
random,0.7315601947178573,0.2643175788290883,0.3598769446651716,0.26180287218144643,1.2830352498139847e-09,2.5288521399433204e-05
seasonal,0.7449151791208221,0.23092825761088284,0.6468853414110141,0.23224799285826153,1.4821413195608745e-09,2.4858284711790007e-05
workers,0.7139039225503258,0.4406294604881923,0.35391281698101884,0.19926026717287199,1.3908919006377148e-09,2.4750269487241362e-05
all,0.8091630038860029,1.2680765241428629,0.48224649185832413,0.3075772084871279,1.4487049291095504e-09,2.5356513455207255e-05
