bench_type,mase_mean,mase_std,rmsse_mean,rmsse_std,tune_time_per_100pts,prediction_time_per_100pts
drift,0.8336746208490723,0.9528521295181014,0.4746705376427681,0.3201345964185419,6.718518709928635e-09,0.00025310713877727735
periodic_spaces,1.1341037786910457,2.357828611435831,0.402923526198704,0.5491601732531799,6.978832092378767e-09,0.00014620076771756257
random,0.8595822165801875,0.5791447956437019,0.30233150812084797,0.28213381854765623,5.7717671388348275e-09,0.00014309004839856948
seasonal,0.8306035325386573,0.5814559194490183,0.5838401282625653,0.28652939087883766,5.642980355166307e-09,0.0002513115893331512
workers,0.7633866409768026,0.3928958381083852,0.3677476302619329,0.2512325403530337,6.107948436240614e-09,0.0001420769941822592
all,0.8608813750582803,0.9814273442924237,0.4475359842814804,0.34025701474752995,6.1517234708904925e-09,0.00020552479735698698
