bench_type,mase_mean,mase_std,rmsse_mean,rmsse_std,tune_time_per_100pts,prediction_time_per_100pts
drift,0.6590766557106242,0.6877690759017686,0.386637435082975,0.3144953116838546,0.05501304855552867,0.005227558348061783
periodic_spaces,0.912046711964404,2.2716672706787815,0.3092184802356769,0.5234878444124135,0.05022328957807166,0.005018793535973167
random,0.6312070254377731,0.4188131380290405,0.20722509312660556,0.18172326913061476,0.0517501406511203,0.005047917599210449
seasonal,0.6946202971153281,0.6968491826148575,0.45614097451955854,0.28300584542911544,0.053986921760250946,0.0051043300372031
workers,0.7551992152139481,1.1030589233813397,0.2910964743579857,0.3049614248218087,0.043106619980855854,0.0050965082305040035
all,0.6957203887603991,0.9618984994439459,0.34703967852474416,0.3203472833793284,0.05235172765656744,0.005117083581015414
