bench_type,mase_mean,mase_std,rmsse_mean,rmsse_std,tune_time_per_100pts,prediction_time_per_100pts
drift,0.8666167576135226,2.1045333263462407,0.3781222259888533,0.2920537058398072,4.765485766646085e-09,0.0025030172042505
periodic_spaces,0.4881863252512546,0.4491691219465682,0.1963718173977527,0.1849046080952793,3.6797035057718205e-09,0.0021758522290653
random,0.5709621528879516,0.2073128785392241,0.2379065626103471,0.1810493999593199,3.550140249047059e-09,0.0021767846509468
seasonal,0.6299714067348267,0.19307275611536187,0.46979306085589057,0.1565991759633186,4.5672304037598075e-09,0.0039648242810905
workers,0.5769837842618556,0.3661483472299885,0.2171259414319927,0.1280914875115106,5.515770803751267e-09,0.0023731653837408
all,0.6627128387108646,1.1365959428349088,0.33586112752495684,0.2330052195041604,4.415666145795208e-09,0.00263872874981878
