bench_type,mase_mean,mase_std,rmsse_mean,rmsse_std,tune_time_per_100pts,prediction_time_per_100pts
drift,0.9632970568554515,1.353517512254376,0.45651317610379694,0.299668230699589,5.539364797603757e-08,1.9255314852704202
periodic_spaces,1.6622941652898633,3.349678969194112,0.46397110406633246,0.5406740883359814,1.3308173269421626e-08,2.3885477324836843
random,3.4912040276427048,19.469948015993765,0.47621083141329396,1.2779408300371327,1.3775823398422903e-08,3.0031359201947962
seasonal,0.9004534826991317,0.6442978996499378,0.5540786844928596,0.2704732759280577,1.319818454705047e-08,1.7469940070258752
workers,1.0679289337303366,0.5939861554135196,0.436352636781303,0.3094076771900535,1.2798666687849336e-08,2.11976388212116
all,1.6273107288349398,9.619943517628442,0.4878470169010556,0.685504835424825,2.5341959362220607e-08,2.195227244333138
