bench_type,mase_mean,mase_std,rmsse_mean,rmsse_std,tune_time_per_100pts,prediction_time_per_100pts
drift,1.0893819652189214,2.6630514392605766,0.3965459093990098,0.3206043551108874,1.0346516750807314e-08,0.1761573487852305
periodic_spaces,0.722277515920425,0.6552131933303768,0.2104015730919707,0.1973270677070908,9.630542178922836e-09,0.1470489250799923
random,0.7226127091896409,0.2751093368701572,0.2477630143438494,0.1828753266906828,1.1851772699485333e-08,0.1799127579592053
seasonal,0.7399182837485719,0.26700492729324615,0.4885984052444338,0.16773311814710068,7.516832631927595e-09,0.1403412799638248
workers,0.902104591017497,0.616541055662716,0.2348947498221996,0.1363525966149253,1.1141753023290051e-08,0.1656898472154231
all,0.8463470196286069,1.4473898778273746,0.351724459705718,0.2480153104358257,1.0097483456886625e-08,0.1618300318007352
