bench_type,mase_mean,mase_std,rmsse_mean,rmsse_std,tune_time_per_100pts,prediction_time_per_100pts
drift,0.5811435107052685,0.6047476435124636,0.3438360343280786,0.24033660208226712,2.248391311261246e-08,0.041244798232727344
periodic_spaces,0.7496517587494681,1.7746425763267888,0.2645042206726018,0.4318054228454587,1.977717383980618e-08,0.015483713065761897
random,0.5360748875044729,0.33118685675035425,0.18974442418497214,0.17115938379153472,2.0462237650813438e-08,0.015520623547464288
seasonal,0.6089682825729403,0.5267548951421325,0.4217120259097308,0.2491226602635294,1.936309864970298e-08,0.015508552824723578
workers,0.44720234752745575,0.2396912727779769,0.2224275815857913,0.15424436301307984,2.0243008428672278e-08,0.015460390802694573
all,0.5815682702112949,0.7116916378571214,0.3100505638705277,0.2614229164432034,2.0639358976756144e-08,0.022843738439203346
