bench_type,mase_mean,mase_std,rmsse_mean,rmsse_std,tune_time_per_100pts,prediction_time_per_100pts
drift,0.9172540141126977,0.9416219146108928,0.5280513929091653,0.43437478428931553,2.104389269703036e-08,0.015557758432502547
periodic_spaces,1.2334731701578636,3.0371105307725945,0.48867739562312645,0.748879252301319,2.0206961704533826e-08,0.0020033549461957244
random,0.7643946873265739,0.49356399280353863,0.3119645950057225,0.34490640023904073,2.2962181400586142e-08,0.0019976392983003482
seasonal,0.8028872620288733,0.6939449415348778,0.5730444022746092,0.37203742809655976,2.0085419544938804e-08,0.0019908079596620705
workers,0.7563438967993115,0.3145965830087076,0.4170782357623321,0.281735707499392,1.7800149662058992e-08,0.001970033721244406
all,0.862786645194378,1.147389031201396,0.474828307637947,0.43527777928264644,2.0842181104750702e-08,0.005860564531905976
