bench_type,mase_mean,mase_std,rmsse_mean,rmsse_std,tune_time_per_100pts,prediction_time_per_100pts
drift,1.1276301829235142,3.209367653513443,0.4277389736095502,0.4448291212450403,2.4211989155596056e-09,0.6665425183194351
periodic_spaces,0.48128329474913384,0.4361871021301956,0.1965603530637098,0.18449761946899076,2.4248389256223125e-09,0.4565449453870825
random,0.6987402032149941,0.33912124117017595,0.25094381064745586,0.18566945550076672,2.9914291634429266e-09,0.5022496339870895
seasonal,0.7146227210606959,0.2484168431603505,0.5474419252650791,0.21988982918254713,2.8263510541099964e-09,0.380473802632748
workers,0.7102850559111676,0.4634198492750161,0.22551942925580273,0.13563252288255337,2.7398803521011715e-09,0.44281807620047703
all,0.8036105969782821,1.7237934133500916,0.3754858175028233,0.3155103145004594,2.710382312066428e-09,0.5043328042981855
