bench_type,mase_mean,mase_std,rmsse_mean,rmsse_std,tune_time_per_100pts,prediction_time_per_100pts
drift,0.6781934884733013,0.6590677083945671,0.39477207748860893,0.3007930830275831,0.01480712651242402,0.0034482682053561487
periodic_spaces,0.7328586350609739,1.679737063275189,0.26572718831426556,0.4288608306143786,0.01001033592077716,0.0034873405942649005
random,0.6048332063980225,0.3956645239517042,0.20383219887979848,0.17791848327551738,0.012116177865998353,0.0033769039870982453
seasonal,0.7119788670443249,0.566499307253392,0.4871193896122231,0.2768167970888818,0.013713747224551088,0.003413211820935387
workers,0.44472163261820025,0.23521692711143782,0.22309623222241895,0.15166566239014503,0.012614288412458756,0.0034863745610761855
all,0.6532582713265275,0.7290900144107668,0.34678279116124267,0.2967011832822136,0.013186313095672728,0.003428512669363429
