bench_type,mase_mean,mase_std,rmsse_mean,rmsse_std,tune_time_per_100pts,prediction_time_per_100pts
drift,1.1054418446887626,1.1416489652078552,0.7124938098212052,0.6032993735618797,0.003707477584436874,0.0011296437628241995
periodic_spaces,0.9748368263813736,2.7132494794357727,0.49501157377347316,0.7658521040512093,0.0032317226893359683,0.00107558133036253
random,0.9904210964252065,1.5524564039549338,0.4091596967817749,0.47023218378355464,0.0032721639815856463,0.0010783948969181826
seasonal,1.3033514518003433,1.3349575641919398,1.0354373735244058,0.9617307076610664,0.0037346982629940834,0.0010946574103501106
workers,0.4480958029032189,0.2358183738979714,0.40351839286204066,0.2772356894475249,0.003458250802014457,0.0010917625389993192
all,1.0594271560592614,1.4876612702275778,0.6818826951104962,0.7398518037022277,0.0035420488847185488,0.0010986504305245818
