bench_type,mase_mean,mase_std,rmsse_mean,rmsse_std,tune_time_per_100pts,prediction_time_per_100pts
drift,1.0921872810183355,3.908628816574651,0.4644122530256321,0.5416237184120785,0.0051598982446868,0.0005682796050353
periodic_spaces,0.3555426844962234,0.320474049586167,0.1897465885750844,0.1762348991835998,0.0035273150700413,0.0005156123216631
random,0.5508619530441562,0.4975228104992856,0.247236873211872,0.1858658296035791,0.0048177589546379,0.0005307367474288
seasonal,0.6431517499610071,0.6002631127817241,0.5231583620249345,0.3405267804663953,0.0077105224481593,0.0009233100879922
workers,0.4519388239605315,0.3461393688835887,0.216470657156209,0.1253393259777651,0.0040405116037918,0.0005122895218968
all,0.7001744973788712,2.122745365707679,0.37651513577581414,0.3811293802000718,0.00505120126426342,0.00061004565680324
