bench_type,mase_mean,mase_std,rmsse_mean,rmsse_std,tune_time_per_100pts,prediction_time_per_100pts
drift,0.566427355179549,0.6164747980347871,0.3344936553778499,0.23734323155808387,2.4359613645906377e-08,0.05516284257302889
periodic_spaces,0.7936130558307265,1.9791443971539,0.26590040409504195,0.43731472919337977,2.012654978145575e-08,0.006763176481139712
random,0.5440955846507517,0.3366107152398368,0.19084537171576532,0.17165617445725503,2.3360087280212707e-08,0.0076656837355734775
seasonal,0.5811627827625966,0.56325680888923,0.40117637813656637,0.24733172824189215,2.4144373110425843e-08,0.007684743721573984
workers,0.4528511935403695,0.24117704536421272,0.22305796599383457,0.15458840605246202,2.0506773400493033e-08,0.006724602251779288
all,0.5760794236233295,0.7708067900030904,0.30198657864599376,0.2582182487983964,2.3290180931281508e-08,0.021040690173989813
