bench_type,mase_mean,mase_std,rmsse_mean,rmsse_std,tune_time_per_100pts,prediction_time_per_100pts
drift,0.7219806779291373,0.8306403526231199,0.5052811390452037,0.42605618137729173,2.8497246118887906e-08,0.007249239920860244
periodic_spaces,0.9512050203017055,2.7529042579119007,0.48061593725110485,0.7663255747222019,2.500672166481487e-08,0.003177652429301469
random,0.576897516588021,0.3702394911692897,0.3044713990638048,0.34111408834829365,2.8034140341861356e-08,0.0035531182454171073
seasonal,0.6244435266050752,0.5689822862555269,0.5533883997899384,0.3826540876214784,1.888940772352466e-08,0.003507597643571595
workers,0.45938045980164455,0.2438012543365793,0.39865385078634774,0.2789761542069189,2.349969131333437e-08,0.003046979695292456
all,0.6562395280900951,1.0165867174035688,0.45841695153837136,0.43632850460381006,2.483958252536859e-08,0.004510361482541878
