bench_type,mase_mean,mase_std,rmsse_mean,rmsse_std,tune_time_per_100pts,prediction_time_per_100pts
drift,1.312542135556635,1.6846164320501178,0.7293564834742118,0.5765762809075241,0.005851593824451695,0.0018896702606792726
periodic_spaces,0.9870737283875322,2.685570548765325,0.49824993482485147,0.7637778323142946,0.004603621656172862,0.0019033180211581997
random,0.9363268042166367,1.7099927159990507,0.37282422722549197,0.5072897847377675,0.005663013896917259,0.0019049278380105009
seasonal,1.2427476571995673,1.3854107467841537,0.9653370741785268,0.7784679249742061,0.005996306596959057,0.0018969666258993722
workers,0.46853538463444333,0.2512019339810852,0.41035303818319285,0.28442071932683133,0.005317383471655943,0.0018870972573668474
all,1.0913519047449152,1.675767438646414,0.6589544390279943,0.6693228931616568,0.00567827960192895,0.0018964585636927227
