bench_type,mase_mean,mase_std,rmsse_mean,rmsse_std,tune_time_per_100pts,prediction_time_per_100pts
drift,0.5933783141786063,0.6065378366860547,0.35217307480496024,0.24657530321406138,2.385091580493976e-08,0.05127241106201259
periodic_spaces,0.7406279659140544,1.7276973671315405,0.2641279625297646,0.4304556409127376,2.8791627699351907e-08,0.026777098448725323
random,0.5381831778638839,0.3321361991233104,0.19015411071839605,0.1715191985738934,2.2072566734348802e-08,0.02705584001385635
seasonal,0.6381112693475149,0.5511883342441464,0.43904723802257895,0.2528087547201738,2.354267009980713e-08,0.02693286408404155
workers,0.44885165920852105,0.24030529583865562,0.22211605553525132,0.15404406285920588,2.0918191300034747e-08,0.027090163807207274
all,0.593172051703225,0.7070413208903773,0.31740430756254673,0.2663556649032422,2.3527894000397937e-08,0.033903403472339645
