bench_type,mase_mean,mase_std,rmsse_mean,rmsse_std,tune_time_per_100pts,prediction_time_per_100pts
drift,0.8974108016105858,1.166588283794293,0.40724295664741006,0.28695346279860784,2.853275849655475e-08,0.36885434298791453
periodic_spaces,1.3042713419453806,2.55592276624143,0.31947779699561357,0.43471624262494524,2.6119815911453008e-08,0.32353642540788097
random,0.8810716366902428,0.700041082424615,0.23180668348201888,0.2137955281076777,2.7851365652684466e-08,0.35112222594964787
seasonal,0.9029593369212163,0.7230147453369382,0.5069070250764105,0.2660302237319468,2.5712954398716463e-08,0.3520465333362413
workers,0.8933017115441434,0.4763800660906563,0.29078036056993545,0.19773336318142223,2.579528708073301e-08,0.3406395135237593
all,0.9333634974852035,1.132156732078002,0.3742263255809599,0.29348634696570086,2.7075825391897764e-08,0.3528238191347168
