bench_type,mase_mean,mase_std,rmsse_mean,rmsse_std,tune_time_per_100pts,prediction_time_per_100pts
drift,0.5842182126921575,0.6044814706624562,0.34873384251522777,0.24115148532985428,3.6169652710509885e-08,0.027000418280266107
periodic_spaces,0.7463237985972186,1.7357489777193649,0.2650679228135141,0.4297563669811245,2.4797373382318492e-08,0.0063211903020384775
random,0.5368588408119044,0.3319137345876321,0.1907485024032521,0.17234193439288936,2.950527801503306e-08,0.005743224533677427
seasonal,0.6261692208848673,0.5304839060710894,0.43470268614779306,0.24812942883751812,3.281869377810108e-08,0.006256758080174525
workers,0.44904405736983294,0.2403768447598874,0.2223910358949193,0.15406189632931233,3.5413133641091425e-08,0.006580307054155994
all,0.5873968094623693,0.7037882235345809,0.31544246870282233,0.26292891359800125,3.2464719304859896e-08,0.012086117135207556
