bench_type,mase_mean,mase_std,rmsse_mean,rmsse_std,tune_time_per_100pts,prediction_time_per_100pts
drift,0.9947814486814196,3.4699615862647426,0.4351036226150869,0.4708086081539968,0.0036473286763087,0.0011113502219322
periodic_spaces,0.3345070553233167,0.3039117498231622,0.1864825824631868,0.1729346668009671,0.0023884343696575,0.0010716534996631
random,0.4799054724943031,0.1895275288601557,0.2435025230196047,0.1868024340245332,0.0036078120298164,0.0010794196116423
seasonal,0.6526703490110716,0.33501995236715265,0.5262665008165075,0.25609112446883336,0.0028829332247573,0.0008807184172499
workers,0.3788942466050072,0.2463280920793759,0.2048558387924959,0.1179810247135656,0.0027907872436589,0.0010785863167437
all,0.6487263753801183,1.8614860712699863,0.36686949396696794,0.33281346883774104,0.0030634591088397603,0.00104434561344624
