bench_type,mase_mean,mase_std,rmsse_mean,rmsse_std,tune_time_per_100pts,prediction_time_per_100pts
drift,0.781092433685781,2.329033948651021,0.3796850351345302,0.3094077199832528,3.925972334723329e-09,0.0032745437124995
periodic_spaces,0.3649241278387663,0.3712941440900707,0.1894529868579865,0.1804640018709771,3.808259416716634e-09,0.0014838675494599
random,0.4527402892535114,0.1672583049575983,0.2384171392847836,0.1882347019184186,4.167380280671845e-09,0.0014836732243208
seasonal,0.5427111062391162,0.15406412509475018,0.46545155834106516,0.1571548007055614,8.545125844986092e-09,0.004451103358105
workers,0.394775176686389,0.2533642424657383,0.2058149345228587,0.1206457055164346,3.516596388200042e-09,0.001477971896714
all,0.5558246396505148,1.245926356590203,0.3335231418432746,0.24024376858185623,4.792666853059589e-09,0.00243423194821984
