bench_type,mase_mean,mase_std,rmsse_mean,rmsse_std,tune_time_per_100pts,prediction_time_per_100pts
drift,0.797837362868288,2.3192871107474056,0.3909951803330037,0.3241468016988911,4.4990524375059295e-09,0.0019195467346125
periodic_spaces,0.3368548260338089,0.3119904738874668,0.1865714261265213,0.1762409581261865,3.1690043161802693e-09,0.0014188435575728
random,0.4562609645495398,0.1693593265959181,0.2383263907166786,0.1881967080995724,3.995365312387603e-09,0.0014641656241816
seasonal,0.6007420634741392,0.16258711595733844,0.49791965235225194,0.17000853242895184,5.0730569872885825e-09,0.0063987026926256
workers,0.3843039669621644,0.2546848406491066,0.205064657933867,0.1203992057421864,4.282962951243638e-09,0.0015362046169066
all,0.573994176039032,1.241276630078385,0.3453681617559654,0.25356073570274906,4.203888400921204e-09,0.0025474926451798203
