bench_type,mase_mean,mase_std,rmsse_mean,rmsse_std,tune_time_per_100pts,prediction_time_per_100pts
drift,1.1830766804731894,3.500741243181425,0.4303545201747377,0.456483811514737,5.1205408222600325e-09,0.0737389312067775
periodic_spaces,0.4692672201207755,0.4085962995194832,0.1916000063614432,0.1785150376752786,3.909432196405983e-09,0.0616071643766533
random,0.6912238841802615,0.277400815776104,0.2466061368450968,0.1852000379524707,4.6351382162877885e-09,0.0702976443254985
seasonal,0.7832852557236867,0.325208284785123,0.5639214668756682,0.2744674957537077,5.692436477323816e-09,0.0717750017909445
workers,0.9146067596033588,0.7413671314746915,0.2276199563009378,0.1417318931116989,4.6348955908183445e-09,0.0663255685930274
all,0.8541577796145245,1.8840039762982548,0.37943130683141874,0.33455556683095583,4.798488660619193e-09,0.06874886205858025
