bench_type,mase_mean,mase_std,rmsse_mean,rmsse_std,tune_time_per_100pts,prediction_time_per_100pts
drift,0.8336746208490723,0.9528521295181014,0.4746705376427681,0.3201345964185419,1.0951041007009396e-08,0.0001367612959935315
periodic_spaces,1.1341037786910457,2.357828611435831,0.402923526198704,0.5491601732531799,1.0328772878132215e-08,0.00013713814162959653
random,0.8595822165801875,0.5791447956437019,0.30233150812084797,0.28213381854765623,1.0013804172862654e-08,0.00013689318830562716
seasonal,0.8306035325386573,0.5814559194490183,0.5838401282625653,0.28652939087883766,1.0150618876140268e-08,0.0001367258484519663
workers,0.7633866409768026,0.3928958381083852,0.3677476302619329,0.2512325403530337,1.0639329270709613e-08,0.00013653713644349149
all,0.8608813750582803,0.9814273442924237,0.4475359842814804,0.34025701474752995,1.040949318573239e-08,0.0001367972952414222
