bench_type,mase_mean,mase_std,rmsse_mean,rmsse_std,tune_time_per_100pts,prediction_time_per_100pts
drift,0.7795375655580858,2.270924966215915,0.381151889215136,0.3060130563674626,3.638430799081973e-09,0.0017804959347522
periodic_spaces,0.3451947648030888,0.3174651170973521,0.1876723575978329,0.1770027206940047,4.3367542110591984e-09,0.0017670410285442
random,0.4619477449676192,0.1760145532138581,0.2403271544934465,0.1879248837312516,3.885922175696594e-09,0.0017120479524035
seasonal,0.5696167700920859,0.16042822477589413,0.47328313569064523,0.15576516744446772,6.191098596602182e-09,0.0043145642762986
workers,0.3981131982690629,0.2536212486280527,0.2081458249099222,0.1218449667201515,4.2246650123028216e-09,0.0017813939374707
all,0.5637311102354364,1.2150936929880154,0.33665671037425754,0.23964649306000785,4.455374158948553e-09,0.00227110862589384
