bench_type,mase_mean,mase_std,rmsse_mean,rmsse_std,tune_time_per_100pts,prediction_time_per_100pts
drift,0.9724869258609756,3.0459537136625974,0.4447582333584207,0.4375420828953464,0.0056134827247835,0.0008413861395684
periodic_spaces,0.567389760665021,0.69855111502399,0.2251909951816258,0.205923453922259,0.0041930710054505,0.0008172758573911
random,0.5194177883140392,0.2903297330609422,0.2505751465668144,0.189118252615501,0.0055362988227411,0.000808220601038
seasonal,0.6536450159149007,0.26872074215086017,0.5184667226019924,0.20381313944535562,0.0038770983795044,0.0005556417925774
workers,0.4595171867532468,0.344127264672529,0.2157933993511151,0.1200754454681143,0.0045551085173314,0.0008670097827985
all,0.6820535193766399,1.6487867592676917,0.3738147459979914,0.30795098279274125,0.004755011889962179,0.0007779068346746799
