bench_type,mase_mean,mase_std,rmsse_mean,rmsse_std,tune_time_per_100pts,prediction_time_per_100pts
drift,0.9171389969223708,2.814114807749572,0.4260080499143044,0.4005984428928814,0.0028728799308699,0.0004587120418818
periodic_spaces,8.372063158923941,11.400917605057783,1.2826812094198077,1.6599773088418412,0.0021064859725501,0.0004578534650752
random,0.6127238710479133,1.5738567651897324,0.255026522179566,0.2185854767733178,0.0027011729053974,0.0004601469677232
seasonal,0.6884310095121099,0.35767275232881995,0.5372511826259379,0.23735552957821524,0.0021691801399516,0.0005537124644314
workers,2.335902910105231,5.446046508750973,0.4510852278938906,0.7764666442986833,0.0022467021658606,0.0004556500737465
all,1.5999808524558414,4.752347357227122,0.4951131353299282,0.6768224376625319,0.00241928422292592,0.00047721500257162
