bench_type,mase_mean,mase_std,rmsse_mean,rmsse_std,tune_time_per_100pts,prediction_time_per_100pts
drift,0.8931443586724924,2.1329112463345603,0.3781185093487874,0.2906043291661941,2.7175178828733364e-09,0.0027251688336354
periodic_spaces,0.5466954426147962,0.5048439920123684,0.1996462368685011,0.1880842909131643,2.546504817519858e-09,0.001916129438775
random,0.6076934835432196,0.2070316167896171,0.2401147361535891,0.1812101673873941,2.76139813300355e-09,0.001906350563988
seasonal,0.6060176056348162,0.18084632527158778,0.45694932768949753,0.15579818930890807,5.027373898035984e-09,0.003613149981123
workers,0.6501127975029789,0.3972676565537048,0.2225235528301882,0.1302215726822445,2.576000454615286e-09,0.0019176764849333
all,0.6850862590723965,1.153396174410967,0.33365148444214227,0.23005785457584876,3.1257590372096026e-09,0.00241569506049094
