bench_type,rmse_mean,rmse_std,mae_mean,mae_std,mase_mean,mase_std,tune_time_per_100pts,prediction_time_per_100pts
drift,540494528.0892494,1057654685.00361,299774393.620733,667000873.3385943,0.9505669557607693,1.0435046813443372,4.79791141032522e-08,1.1379343771434849
periodic_spaces,8820547.354266362,12642784.039003745,1670777.2668117436,2931206.8754250095,1.2888804689298403,3.400432437850463,4.4715268087511315e-08,1.0496986412326805
random,26581728.07073773,84505570.57801108,10814103.741694273,55253475.64444266,0.9505669301312214,1.163874855518554,5.2751343873119796e-08,1.7046728156867257
seasonal,427295181.2528206,801505038.122424,236490077.49016652,545729509.3676729,0.8728240828997296,0.9751528200424122,3.902265849857025e-08,1.03712414469411
workers,9508246.168872377,11218011.838421503,2121254.787276228,3299455.5940850284,0.6966547548515907,0.3560338599008006,3.787817500717453e-08,1.1487877246330582
all,284095425.5026244,744425713.1015317,155878040.57184947,477357379.1694465,0.9364198672712553,1.4092919692764139,4.529773264832843e-08,1.2375891090217748
