bench_type,mase_mean,mase_std,rmsse_mean,rmsse_std,tune_time_per_100pts,prediction_time_per_100pts
drift,2.2093076386459876,6.677274021426732,0.89424720334365,1.0832076115025846,0.00453735138242839,0.0006657775253563794
periodic_spaces,0.9576861362316619,2.70761656882067,0.49376344548260614,0.7681392710889081,0.00373457592482577,0.0006438160585405838
random,3.5318185610535933,14.638430715666615,0.8100674854417435,2.1600308990009256,0.00356480577542288,0.0005818096767981288
seasonal,1.9218382102388887,3.248888352853023,1.2373847579677075,1.5366251466888747,0.0038843500172108646,0.0006009114076501675
workers,0.45260312408893627,0.2434008377642488,0.4049585575257728,0.27776818019020416,0.004258720666602681,0.0006385262025841733
all,2.158166309964856,8.280127319725349,0.8873562690357077,1.5032428739407733,0.004015371800799607,0.0006224875898931257
