bench_type,mase_mean,mase_std,rmsse_mean,rmsse_std,tune_time_per_100pts,prediction_time_per_100pts
drift,1.0882758185187063,1.3634714860903054,0.5649381308000652,0.4915874597871365,5.399480834326027e-08,0.14201873069653212
periodic_spaces,1.4918981688612865,3.5244753089898317,0.5052728074047098,0.7689320092683036,4.689167570814928e-08,0.11484085403597938
random,0.9066875458329937,0.6885489839580704,0.32345733149991635,0.3488748050935222,5.2771699929180893e-08,0.12500926448287555
seasonal,0.9624456162706149,1.1083854362646641,0.603258286974771,0.41437428455719455,5.413991951479197e-08,0.12545046800415358
workers,0.9046341162015249,0.41335301941096214,0.43634608631049593,0.2925139916136479,5.201193523791851e-08,0.12332469679460616
all,1.029805057502844,1.4715923973739138,0.5001255344505231,0.4687174816077146,5.287951315035745e-08,0.12885898226516057
