bench_type,mase_mean,mase_std,rmsse_mean,rmsse_std,tune_time_per_100pts,prediction_time_per_100pts
drift,0.745537245933695,2.12022164623928,0.371259657826418,0.293095695244305,6.614649397126275e-09,0.0027456752912775
periodic_spaces,0.3426023778955993,0.3161703816934069,0.1868341964394161,0.1763147587966389,6.297332964358225e-09,0.0024473361707946
random,0.4523482396202802,0.1666994898108369,0.2382690387936756,0.1871868910164915,7.647370577337193e-09,0.0026612178591211
seasonal,0.5099900397284446,0.14349134700075214,0.44771104526294114,0.15283604044315444,4.9098150545292965e-09,0.0026939779498465
workers,0.3913154810222807,0.2553724523361874,0.208067830057908,0.1217309753078487,8.300609613472182e-09,0.0029253620783759
all,0.5342919012319955,1.135119247786006,0.3261558255423742,0.23016463286822916,6.753955521364634e-09,0.00269471386988312
